id_pedido,id_cliente,data_pedido,valor_liquido
PED-00001,CLI-00001,2025-02-02 00:00:00,999.0
PED-00002,CLI-00002,2025-01-26 00:00:00,99.0
PED-00003,CLI-00003,2025-01-20 00:00:00,299.0
PED-00004,CLI-00004,2025-02-09 00:00:00,999.0
PED-00005,CLI-00005,2025-01-16 00:00:00,999.0
PED-00006,CLI-00006,2025-02-07 00:00:00,999.0
PED-00007,CLI-00007,2025-02-07 00:00:00,299.0
PED-00008,CLI-00008,2025-02-01 00:00:00,999.0
PED-00009,CLI-00009,2025-01-28 00:00:00,999.0
PED-00010,CLI-00010,2025-01-21 00:00:00,99.0
PED-00011,CLI-00011,2025-01-30 00:00:00,999.0
PED-00012,CLI-00012,2025-02-01 00:00:00,999.0
PED-00013,CLI-00013,2025-01-24 00:00:00,299.0
PED-00014,CLI-00014,2025-02-07 00:00:00,299.0
PED-00015,CLI-00015,2025-02-07 00:00:00,299.0
PED-00016,CLI-00016,2025-01-16 00:00:00,999.0
PED-00017,CLI-00017,2025-01-28 00:00:00,999.0
PED-00018,CLI-00018,2025-02-07 00:00:00,999.0
PED-00019,CLI-00019,2025-01-17 00:00:00,299.0
PED-00020,CLI-00020,2025-02-08 00:00:00,999.0
PED-00021,CLI-00021,2025-02-07 00:00:00,99.0
PED-00022,CLI-00022,2025-02-04 00:00:00,299.0
PED-00023,CLI-00023,2025-02-08 00:00:00,299.0
PED-00024,CLI-00024,2025-02-10 00:00:00,99.0
PED-00025,CLI-00025,2025-01-29 00:00:00,299.0
PED-00026,CLI-00026,2025-01-18 00:00:00,299.0
PED-00027,CLI-00027,2025-01-20 00:00:00,299.0
PED-00028,CLI-00028,2025-01-29 00:00:00,299.0
PED-00029,CLI-00029,2025-02-01 00:00:00,99.0
PED-00030,CLI-00030,2025-01-17 00:00:00,999.0
PED-00031,CLI-00031,2025-01-24 00:00:00,299.0
PED-00032,CLI-00032,2025-01-30 00:00:00,299.0
PED-00033,CLI-00033,2025-01-24 00:00:00,299.0
PED-00034,CLI-00034,2025-02-06 00:00:00,299.0
PED-00035,CLI-00035,2025-02-01 00:00:00,299.0
PED-00036,CLI-00036,2025-01-29 00:00:00,999.0
PED-00037,CLI-00037,2025-02-08 00:00:00,999.0
PED-00038,CLI-00038,2025-01-21 00:00:00,299.0
PED-00039,CLI-00039,2025-01-22 00:00:00,99.0
PED-00040,CLI-00040,2025-01-16 00:00:00,299.0
PED-00041,CLI-00041,2025-02-08 00:00:00,999.0
PED-00042,CLI-00042,2025-02-02 00:00:00,99.0
PED-00043,CLI-00043,2025-02-04 00:00:00,999.0
PED-00044,CLI-00044,2025-02-11 00:00:00,99.0
PED-00045,CLI-00045,2025-01-31 00:00:00,999.0
PED-00046,CLI-00046,2025-01-19 00:00:00,299.0
PED-00047,CLI-00047,2025-02-11 00:00:00,299.0
PED-00048,CLI-00048,2025-01-19 00:00:00,999.0
PED-00049,CLI-00049,2025-01-16 00:00:00,99.0
PED-00050,CLI-00050,2025-02-03 00:00:00,299.0
PED-00051,CLI-00051,2025-01-26 00:00:00,299.0
PED-00052,CLI-00052,2025-01-23 00:00:00,99.0
PED-00053,CLI-00053,2025-01-20 00:00:00,999.0
PED-00054,CLI-00054,2025-01-28 00:00:00,999.0
PED-00055,CLI-00055,2025-01-19 00:00:00,999.0
PED-00056,CLI-00056,2025-02-02 00:00:00,299.0
PED-00057,CLI-00057,2025-01-20 00:00:00,999.0
PED-00058,CLI-00058,2025-01-29 00:00:00,299.0
PED-00059,CLI-00059,2025-02-08 00:00:00,999.0
PED-00060,CLI-00060,2025-02-08 00:00:00,99.0
PED-00061,CLI-00061,2025-01-26 00:00:00,299.0
PED-00062,CLI-00062,2025-02-08 00:00:00,299.0
PED-00063,CLI-00063,2025-02-11 00:00:00,299.0
PED-00064,CLI-00064,2025-02-09 00:00:00,299.0
PED-00065,CLI-00065,2025-01-25 00:00:00,299.0
PED-00066,CLI-00066,2025-01-18 00:00:00,99.0
PED-00067,CLI-00067,2025-01-19 00:00:00,299.0
PED-00068,CLI-00068,2025-02-07 00:00:00,299.0
PED-00069,CLI-00069,2025-01-17 00:00:00,299.0
PED-00070,CLI-00070,2025-02-09 00:00:00,299.0
PED-00071,CLI-00071,2025-02-08 00:00:00,99.0
PED-00072,CLI-00072,2025-02-13 00:00:00,299.0
PED-00073,CLI-00073,2025-02-23 00:00:00,299.0
PED-00074,CLI-00074,2025-03-01 00:00:00,99.0
PED-00075,CLI-00075,2025-02-16 00:00:00,999.0
PED-00076,CLI-00076,2025-03-04 00:00:00,999.0
PED-00077,CLI-00077,2025-03-10 00:00:00,999.0
PED-00078,CLI-00078,2025-02-25 00:00:00,299.0
PED-00079,CLI-00079,2025-02-21 00:00:00,99.0
PED-00080,CLI-00080,2025-03-07 00:00:00,99.0
PED-00081,CLI-00081,2025-02-18 00:00:00,99.0
PED-00082,CLI-00082,2025-02-18 00:00:00,999.0
PED-00083,CLI-00083,2025-03-11 00:00:00,99.0
PED-00084,CLI-00084,2025-03-10 00:00:00,99.0
PED-00085,CLI-00085,2025-02-27 00:00:00,999.0
PED-00086,CLI-00086,2025-02-14 00:00:00,299.0
PED-00087,CLI-00087,2025-02-24 00:00:00,299.0
PED-00088,CLI-00088,2025-03-11 00:00:00,299.0
PED-00089,CLI-00089,2025-02-21 00:00:00,299.0
PED-00090,CLI-00090,2025-02-24 00:00:00,999.0
PED-00091,CLI-00091,2025-02-27 00:00:00,99.0
PED-00092,CLI-00092,2025-02-13 00:00:00,99.0
PED-00093,CLI-00093,2025-02-15 00:00:00,999.0
PED-00094,CLI-00094,2025-02-27 00:00:00,299.0
PED-00095,CLI-00095,2025-02-24 00:00:00,99.0
PED-00096,CLI-00096,2025-02-19 00:00:00,999.0
PED-00097,CLI-00097,2025-02-28 00:00:00,299.0
PED-00098,CLI-00098,2025-02-22 00:00:00,299.0
PED-00099,CLI-00099,2025-02-27 00:00:00,999.0
PED-00100,CLI-00100,2025-02-19 00:00:00,299.0
PED-00101,CLI-00101,2025-03-07 00:00:00,299.0
PED-00102,CLI-00102,2025-03-04 00:00:00,999.0
PED-00103,CLI-00103,2025-03-01 00:00:00,299.0
PED-00104,CLI-00104,2025-02-27 00:00:00,99.0
PED-00105,CLI-00105,2025-03-01 00:00:00,299.0
PED-00106,CLI-00106,2025-03-01 00:00:00,999.0
PED-00107,CLI-00107,2025-02-13 00:00:00,99.0
PED-00108,CLI-00108,2025-02-19 00:00:00,299.0
PED-00109,CLI-00109,2025-03-08 00:00:00,99.0
PED-00110,CLI-00110,2025-02-14 00:00:00,99.0
PED-00111,CLI-00111,2025-02-23 00:00:00,99.0
PED-00112,CLI-00112,2025-02-24 00:00:00,999.0
PED-00113,CLI-00113,2025-02-17 00:00:00,299.0
PED-00114,CLI-00114,2025-03-01 00:00:00,299.0
PED-00115,CLI-00115,2025-03-09 00:00:00,999.0
PED-00116,CLI-00116,2025-02-28 00:00:00,999.0
PED-00117,CLI-00117,2025-02-14 00:00:00,299.0
PED-00118,CLI-00118,2025-03-07 00:00:00,99.0
PED-00119,CLI-00119,2025-03-10 00:00:00,99.0
PED-00120,CLI-00120,2025-03-04 00:00:00,99.0
PED-00121,CLI-00121,2025-03-08 00:00:00,99.0
PED-00122,CLI-00122,2025-02-18 00:00:00,999.0
PED-00123,CLI-00123,2025-03-07 00:00:00,999.0
PED-00124,CLI-00124,2025-02-19 00:00:00,999.0
PED-00125,CLI-00125,2025-02-13 00:00:00,99.0
PED-00126,CLI-00126,2025-02-23 00:00:00,999.0
PED-00127,CLI-00127,2025-02-25 00:00:00,999.0
PED-00128,CLI-00128,2025-02-28 00:00:00,299.0
PED-00129,CLI-00129,2025-03-01 00:00:00,99.0
PED-00130,CLI-00130,2025-03-09 00:00:00,999.0
PED-00131,CLI-00131,2025-02-18 00:00:00,299.0
PED-00132,CLI-00132,2025-02-23 00:00:00,299.0
PED-00133,CLI-00133,2025-02-17 00:00:00,299.0
PED-00134,CLI-00134,2025-03-04 00:00:00,99.0
PED-00135,CLI-00135,2025-02-17 00:00:00,999.0
PED-00136,CLI-00136,2025-02-19 00:00:00,99.0
PED-00137,CLI-00137,2025-03-01 00:00:00,999.0
PED-00138,CLI-00138,2025-03-04 00:00:00,299.0
PED-00139,CLI-00139,2025-02-21 00:00:00,99.0
PED-00140,CLI-00140,2025-02-18 00:00:00,999.0
PED-00141,CLI-00141,2025-03-09 00:00:00,99.0
PED-00142,CLI-00142,2025-03-09 00:00:00,99.0
PED-00143,CLI-00143,2025-02-14 00:00:00,99.0
PED-00144,CLI-00144,2025-02-21 00:00:00,299.0
PED-00145,CLI-00145,2025-02-24 00:00:00,299.0
PED-00146,CLI-00146,2025-03-05 00:00:00,299.0
PED-00147,CLI-00147,2025-02-14 00:00:00,99.0
PED-00148,CLI-00148,2025-02-13 00:00:00,99.0
PED-00149,CLI-00149,2025-02-24 00:00:00,999.0
PED-00150,CLI-00150,2025-02-21 00:00:00,299.0
PED-00151,CLI-00151,2025-03-09 00:00:00,999.0
PED-00152,CLI-00152,2025-03-05 00:00:00,99.0
PED-00153,CLI-00153,2025-02-13 00:00:00,999.0
PED-00154,CLI-00154,2025-02-25 00:00:00,99.0
PED-00155,CLI-00155,2025-03-04 00:00:00,999.0
PED-00156,CLI-00156,2025-02-27 00:00:00,999.0
PED-00157,CLI-00157,2025-04-06 00:00:00,99.0
PED-00158,CLI-00158,2025-03-20 00:00:00,999.0
PED-00159,CLI-00159,2025-03-23 00:00:00,999.0
PED-00160,CLI-00160,2025-03-17 00:00:00,999.0
PED-00161,CLI-00161,2025-04-05 00:00:00,99.0
PED-00162,CLI-00162,2025-03-24 00:00:00,99.0
PED-00163,CLI-00163,2025-04-11 00:00:00,299.0
PED-00164,CLI-00164,2025-04-02 00:00:00,99.0
PED-00165,CLI-00165,2025-03-21 00:00:00,299.0
PED-00166,CLI-00166,2025-04-02 00:00:00,999.0
PED-00167,CLI-00167,2025-03-18 00:00:00,299.0
PED-00168,CLI-00168,2025-04-11 00:00:00,299.0
PED-00169,CLI-00169,2025-04-02 00:00:00,299.0
PED-00170,CLI-00170,2025-03-27 00:00:00,99.0
PED-00171,CLI-00171,2025-03-20 00:00:00,299.0
PED-00172,CLI-00172,2025-04-06 00:00:00,999.0
PED-00173,CLI-00173,2025-03-16 00:00:00,99.0
PED-00174,CLI-00174,2025-03-24 00:00:00,299.0
PED-00175,CLI-00175,2025-03-20 00:00:00,299.0
PED-00176,CLI-00176,2025-04-07 00:00:00,299.0
PED-00177,CLI-00177,2025-03-21 00:00:00,999.0
PED-00178,CLI-00178,2025-04-10 00:00:00,299.0
PED-00179,CLI-00179,2025-04-07 00:00:00,299.0
PED-00180,CLI-00180,2025-03-16 00:00:00,999.0
PED-00181,CLI-00181,2025-03-20 00:00:00,299.0
PED-00182,CLI-00182,2025-04-08 00:00:00,299.0
PED-00183,CLI-00183,2025-03-27 00:00:00,299.0
PED-00184,CLI-00184,2025-03-23 00:00:00,999.0
PED-00185,CLI-00185,2025-03-30 00:00:00,999.0
PED-00186,CLI-00186,2025-03-21 00:00:00,299.0
PED-00187,CLI-00187,2025-03-26 00:00:00,999.0
PED-00188,CLI-00188,2025-03-19 00:00:00,299.0
PED-00189,CLI-00189,2025-03-23 00:00:00,99.0
PED-00190,CLI-00190,2025-03-23 00:00:00,99.0
PED-00191,CLI-00191,2025-03-28 00:00:00,999.0
PED-00192,CLI-00192,2025-03-20 00:00:00,299.0
PED-00193,CLI-00193,2025-03-25 00:00:00,99.0
PED-00194,CLI-00194,2025-04-07 00:00:00,999.0
PED-00195,CLI-00195,2025-04-10 00:00:00,999.0
PED-00196,CLI-00196,2025-03-26 00:00:00,299.0
PED-00197,CLI-00197,2025-03-28 00:00:00,999.0
PED-00198,CLI-00198,2025-04-09 00:00:00,299.0
PED-00199,CLI-00199,2025-03-17 00:00:00,999.0
PED-00200,CLI-00200,2025-04-07 00:00:00,99.0
PED-00201,CLI-00201,2025-03-18 00:00:00,99.0
PED-00202,CLI-00202,2025-03-27 00:00:00,99.0
PED-00203,CLI-00203,2025-04-02 00:00:00,99.0
PED-00204,CLI-00204,2025-04-05 00:00:00,99.0
PED-00205,CLI-00205,2025-03-31 00:00:00,299.0
PED-00206,CLI-00206,2025-03-30 00:00:00,99.0
PED-00207,CLI-00207,2025-03-20 00:00:00,999.0
PED-00208,CLI-00208,2025-03-22 00:00:00,999.0
PED-00209,CLI-00209,2025-03-23 00:00:00,999.0
PED-00210,CLI-00210,2025-03-23 00:00:00,99.0
PED-00211,CLI-00211,2025-04-06 00:00:00,99.0
PED-00212,CLI-00212,2025-04-04 00:00:00,999.0
PED-00213,CLI-00213,2025-03-23 00:00:00,999.0
PED-00214,CLI-00214,2025-03-27 00:00:00,999.0
PED-00215,CLI-00215,2025-03-18 00:00:00,999.0
PED-00216,CLI-00216,2025-03-23 00:00:00,999.0
PED-00217,CLI-00217,2025-04-03 00:00:00,299.0
PED-00218,CLI-00218,2025-03-25 00:00:00,99.0
PED-00219,CLI-00219,2025-03-27 00:00:00,299.0
PED-00220,CLI-00220,2025-03-30 00:00:00,99.0
PED-00221,CLI-00221,2025-03-30 00:00:00,999.0
PED-00222,CLI-00222,2025-04-09 00:00:00,299.0
PED-00223,CLI-00223,2025-03-27 00:00:00,999.0
PED-00224,CLI-00224,2025-03-20 00:00:00,999.0
PED-00225,CLI-00225,2025-04-05 00:00:00,299.0
PED-00226,CLI-00226,2025-03-25 00:00:00,299.0
PED-00227,CLI-00227,2025-04-10 00:00:00,999.0
PED-00228,CLI-00228,2025-03-19 00:00:00,999.0
PED-00229,CLI-00229,2025-04-09 00:00:00,299.0
PED-00230,CLI-00230,2025-03-26 00:00:00,299.0
PED-00231,CLI-00231,2025-04-04 00:00:00,999.0
PED-00232,CLI-00232,2025-04-04 00:00:00,999.0
PED-00233,CLI-00233,2025-04-07 00:00:00,299.0
PED-00234,CLI-00234,2025-03-23 00:00:00,299.0
PED-00235,CLI-00235,2025-03-21 00:00:00,999.0
PED-00236,CLI-00236,2025-03-16 00:00:00,999.0
PED-00237,CLI-00237,2025-04-02 00:00:00,299.0
PED-00238,CLI-00238,2025-04-05 00:00:00,299.0
PED-00239,CLI-00239,2025-04-05 00:00:00,299.0
PED-00240,CLI-00240,2025-04-04 00:00:00,99.0
PED-00241,CLI-00241,2025-03-24 00:00:00,299.0
PED-00242,CLI-00242,2025-03-27 00:00:00,999.0
PED-00243,CLI-00243,2025-04-10 00:00:00,999.0
PED-00244,CLI-00244,2025-04-03 00:00:00,99.0
PED-00245,CLI-00245,2025-03-17 00:00:00,99.0
PED-00246,CLI-00246,2025-03-17 00:00:00,999.0
PED-00247,CLI-00247,2025-04-02 00:00:00,299.0
PED-00248,CLI-00248,2025-05-05 00:00:00,999.0
PED-00249,CLI-00249,2025-05-10 00:00:00,299.0
PED-00250,CLI-00250,2025-04-26 00:00:00,299.0
PED-00251,CLI-00251,2025-05-01 00:00:00,99.0
PED-00252,CLI-00252,2025-04-30 00:00:00,299.0
PED-00253,CLI-00253,2025-04-22 00:00:00,299.0
PED-00254,CLI-00254,2025-05-11 00:00:00,999.0
PED-00255,CLI-00255,2025-04-16 00:00:00,99.0
PED-00256,CLI-00256,2025-05-05 00:00:00,99.0
PED-00257,CLI-00257,2025-04-16 00:00:00,999.0
PED-00258,CLI-00258,2025-04-19 00:00:00,299.0
PED-00259,CLI-00259,2025-04-20 00:00:00,299.0
PED-00260,CLI-00260,2025-05-06 00:00:00,299.0
PED-00261,CLI-00261,2025-05-03 00:00:00,999.0
PED-00262,CLI-00262,2025-04-25 00:00:00,299.0
PED-00263,CLI-00263,2025-05-06 00:00:00,999.0
PED-00264,CLI-00264,2025-04-21 00:00:00,999.0
PED-00265,CLI-00265,2025-04-16 00:00:00,99.0
PED-00266,CLI-00266,2025-04-15 00:00:00,99.0
PED-00267,CLI-00267,2025-05-05 00:00:00,999.0
PED-00268,CLI-00268,2025-04-22 00:00:00,99.0
PED-00269,CLI-00269,2025-05-04 00:00:00,299.0
PED-00270,CLI-00270,2025-04-29 00:00:00,299.0
PED-00271,CLI-00271,2025-04-17 00:00:00,299.0
PED-00272,CLI-00272,2025-05-04 00:00:00,99.0
PED-00273,CLI-00273,2025-05-05 00:00:00,299.0
PED-00274,CLI-00274,2025-05-08 00:00:00,99.0
PED-00275,CLI-00275,2025-05-08 00:00:00,299.0
PED-00276,CLI-00276,2025-05-10 00:00:00,299.0
PED-00277,CLI-00277,2025-04-26 00:00:00,299.0
PED-00278,CLI-00278,2025-04-17 00:00:00,999.0
PED-00279,CLI-00279,2025-05-08 00:00:00,999.0
PED-00280,CLI-00280,2025-05-03 00:00:00,99.0
PED-00281,CLI-00281,2025-05-01 00:00:00,999.0
PED-00282,CLI-00282,2025-04-28 00:00:00,99.0
PED-00283,CLI-00283,2025-04-15 00:00:00,299.0
PED-00284,CLI-00284,2025-04-25 00:00:00,999.0
PED-00285,CLI-00285,2025-04-16 00:00:00,99.0
PED-00286,CLI-00286,2025-04-21 00:00:00,299.0
PED-00287,CLI-00287,2025-04-28 00:00:00,99.0
PED-00288,CLI-00288,2025-05-02 00:00:00,999.0
PED-00289,CLI-00289,2025-04-23 00:00:00,299.0
PED-00290,CLI-00290,2025-04-16 00:00:00,299.0
PED-00291,CLI-00291,2025-04-23 00:00:00,99.0
PED-00292,CLI-00292,2025-05-09 00:00:00,299.0
PED-00293,CLI-00293,2025-05-05 00:00:00,299.0
PED-00294,CLI-00294,2025-05-03 00:00:00,99.0
PED-00295,CLI-00295,2025-05-05 00:00:00,99.0
PED-00296,CLI-00296,2025-04-18 00:00:00,299.0
PED-00297,CLI-00297,2025-04-25 00:00:00,999.0
PED-00298,CLI-00298,2025-05-03 00:00:00,99.0
PED-00299,CLI-00299,2025-04-28 00:00:00,999.0
PED-00300,CLI-00300,2025-05-10 00:00:00,299.0
PED-00301,CLI-00301,2025-05-05 00:00:00,99.0
PED-00302,CLI-00302,2025-05-07 00:00:00,999.0
PED-00303,CLI-00303,2025-04-16 00:00:00,999.0
PED-00304,CLI-00304,2025-04-27 00:00:00,99.0
PED-00305,CLI-00305,2025-05-09 00:00:00,299.0
PED-00306,CLI-00306,2025-04-29 00:00:00,999.0
PED-00307,CLI-00307,2025-05-04 00:00:00,999.0
PED-00308,CLI-00308,2025-05-10 00:00:00,99.0
PED-00309,CLI-00309,2025-04-30 00:00:00,99.0
PED-00310,CLI-00310,2025-05-11 00:00:00,99.0
PED-00311,CLI-00311,2025-04-18 00:00:00,99.0
PED-00312,CLI-00312,2025-04-17 00:00:00,99.0
PED-00313,CLI-00313,2025-04-20 00:00:00,99.0
PED-00314,CLI-00314,2025-04-26 00:00:00,299.0
PED-00315,CLI-00315,2025-04-21 00:00:00,999.0
PED-00316,CLI-00316,2025-04-21 00:00:00,999.0
PED-00317,CLI-00317,2025-05-09 00:00:00,99.0
PED-00318,CLI-00318,2025-05-10 00:00:00,299.0
PED-00319,CLI-00319,2025-05-02 00:00:00,99.0
PED-00320,CLI-00320,2025-05-11 00:00:00,299.0
PED-00321,CLI-00321,2025-04-23 00:00:00,999.0
PED-00322,CLI-00322,2025-04-27 00:00:00,99.0
PED-00323,CLI-00323,2025-04-20 00:00:00,99.0
PED-00324,CLI-00324,2025-04-21 00:00:00,999.0
PED-00325,CLI-00325,2025-05-03 00:00:00,299.0
PED-00326,CLI-00326,2025-05-06 00:00:00,299.0
PED-00327,CLI-00327,2025-04-29 00:00:00,99.0
PED-00328,CLI-00328,2025-04-29 00:00:00,299.0
PED-00329,CLI-00329,2025-05-01 00:00:00,999.0
PED-00330,CLI-00330,2025-05-28 00:00:00,299.0
PED-00331,CLI-00331,2025-05-21 00:00:00,299.0
PED-00332,CLI-00332,2025-06-08 00:00:00,299.0
PED-00333,CLI-00333,2025-05-24 00:00:00,299.0
PED-00334,CLI-00334,2025-05-17 00:00:00,299.0
PED-00335,CLI-00335,2025-05-31 00:00:00,999.0
PED-00336,CLI-00336,2025-06-11 00:00:00,299.0
PED-00337,CLI-00337,2025-06-02 00:00:00,99.0
PED-00338,CLI-00338,2025-06-06 00:00:00,299.0
PED-00339,CLI-00339,2025-06-07 00:00:00,999.0
PED-00340,CLI-00340,2025-05-17 00:00:00,299.0
PED-00341,CLI-00341,2025-05-20 00:00:00,299.0
PED-00342,CLI-00342,2025-06-06 00:00:00,999.0
PED-00343,CLI-00343,2025-05-24 00:00:00,299.0
PED-00344,CLI-00344,2025-06-02 00:00:00,299.0
PED-00345,CLI-00345,2025-06-07 00:00:00,299.0
PED-00346,CLI-00346,2025-05-17 00:00:00,999.0
PED-00347,CLI-00347,2025-06-10 00:00:00,999.0
PED-00348,CLI-00348,2025-06-06 00:00:00,299.0
PED-00349,CLI-00349,2025-05-28 00:00:00,99.0
PED-00350,CLI-00350,2025-06-02 00:00:00,299.0
PED-00351,CLI-00351,2025-05-25 00:00:00,99.0
PED-00352,CLI-00352,2025-05-30 00:00:00,999.0
PED-00353,CLI-00353,2025-05-27 00:00:00,299.0
PED-00354,CLI-00354,2025-06-04 00:00:00,999.0
PED-00355,CLI-00355,2025-06-11 00:00:00,99.0
PED-00356,CLI-00356,2025-05-18 00:00:00,999.0
PED-00357,CLI-00357,2025-06-03 00:00:00,299.0
PED-00358,CLI-00358,2025-05-20 00:00:00,999.0
PED-00359,CLI-00359,2025-06-09 00:00:00,999.0
PED-00360,CLI-00360,2025-05-21 00:00:00,999.0
PED-00361,CLI-00361,2025-05-18 00:00:00,299.0
PED-00362,CLI-00362,2025-05-21 00:00:00,999.0
PED-00363,CLI-00363,2025-05-22 00:00:00,99.0
PED-00364,CLI-00364,2025-06-05 00:00:00,99.0
PED-00365,CLI-00365,2025-05-25 00:00:00,999.0
PED-00366,CLI-00366,2025-06-10 00:00:00,999.0
PED-00367,CLI-00367,2025-05-27 00:00:00,299.0
PED-00368,CLI-00368,2025-06-03 00:00:00,99.0
PED-00369,CLI-00369,2025-05-20 00:00:00,999.0
PED-00370,CLI-00370,2025-05-27 00:00:00,299.0
PED-00371,CLI-00371,2025-05-22 00:00:00,299.0
PED-00372,CLI-00372,2025-05-31 00:00:00,999.0
PED-00373,CLI-00373,2025-05-17 00:00:00,99.0
PED-00374,CLI-00374,2025-06-09 00:00:00,299.0
PED-00375,CLI-00375,2025-06-05 00:00:00,299.0
PED-00376,CLI-00376,2025-05-22 00:00:00,99.0
PED-00377,CLI-00377,2025-05-21 00:00:00,299.0
PED-00378,CLI-00378,2025-06-06 00:00:00,99.0
PED-00379,CLI-00379,2025-06-04 00:00:00,999.0
PED-00380,CLI-00380,2025-05-18 00:00:00,99.0
PED-00381,CLI-00381,2025-05-29 00:00:00,99.0
PED-00382,CLI-00382,2025-05-31 00:00:00,299.0
PED-00383,CLI-00383,2025-05-29 00:00:00,99.0
PED-00384,CLI-00384,2025-05-18 00:00:00,99.0
PED-00385,CLI-00385,2025-06-09 00:00:00,999.0
PED-00386,CLI-00386,2025-06-01 00:00:00,999.0
PED-00387,CLI-00387,2025-06-04 00:00:00,999.0
PED-00388,CLI-00388,2025-05-30 00:00:00,999.0
PED-00389,CLI-00389,2025-06-05 00:00:00,299.0
PED-00390,CLI-00390,2025-06-10 00:00:00,299.0
PED-00391,CLI-00391,2025-06-04 00:00:00,299.0
PED-00392,CLI-00392,2025-06-02 00:00:00,99.0
PED-00393,CLI-00393,2025-05-23 00:00:00,999.0
PED-00394,CLI-00394,2025-05-20 00:00:00,299.0
PED-00395,CLI-00395,2025-06-10 00:00:00,299.0
PED-00396,CLI-00396,2025-06-04 00:00:00,999.0
PED-00397,CLI-00397,2025-06-05 00:00:00,299.0
PED-00398,CLI-00398,2025-05-21 00:00:00,99.0
PED-00399,CLI-00399,2025-05-25 00:00:00,999.0
PED-00400,CLI-00400,2025-05-25 00:00:00,299.0
PED-00401,CLI-00401,2025-05-19 00:00:00,999.0
PED-00402,CLI-00402,2025-05-31 00:00:00,299.0
PED-00403,CLI-00403,2025-05-16 00:00:00,299.0
PED-00404,CLI-00404,2025-06-05 00:00:00,999.0
PED-00405,CLI-00405,2025-05-16 00:00:00,99.0
PED-00406,CLI-00406,2025-06-06 00:00:00,999.0
PED-00407,CLI-00407,2025-05-31 00:00:00,299.0
PED-00408,CLI-00408,2025-05-27 00:00:00,99.0
PED-00409,CLI-00409,2025-05-26 00:00:00,99.0
PED-00410,CLI-00410,2025-05-17 00:00:00,299.0
PED-00411,CLI-00411,2025-07-06 00:00:00,299.0
PED-00412,CLI-00412,2025-06-25 00:00:00,299.0
PED-00413,CLI-00413,2025-07-06 00:00:00,299.0
PED-00414,CLI-00414,2025-06-22 00:00:00,299.0
PED-00415,CLI-00415,2025-06-29 00:00:00,99.0
PED-00416,CLI-00416,2025-07-08 00:00:00,999.0
PED-00417,CLI-00417,2025-06-20 00:00:00,99.0
PED-00418,CLI-00418,2025-06-27 00:00:00,299.0
PED-00419,CLI-00419,2025-06-30 00:00:00,299.0
PED-00420,CLI-00420,2025-07-02 00:00:00,999.0
PED-00421,CLI-00421,2025-06-29 00:00:00,299.0
PED-00422,CLI-00422,2025-06-28 00:00:00,999.0
PED-00423,CLI-00423,2025-07-01 00:00:00,99.0
PED-00424,CLI-00424,2025-06-21 00:00:00,99.0
PED-00425,CLI-00425,2025-06-25 00:00:00,299.0
PED-00426,CLI-00426,2025-06-18 00:00:00,999.0
PED-00427,CLI-00427,2025-06-30 00:00:00,999.0
PED-00428,CLI-00428,2025-06-17 00:00:00,299.0
PED-00429,CLI-00429,2025-06-24 00:00:00,299.0
PED-00430,CLI-00430,2025-07-11 00:00:00,999.0
PED-00431,CLI-00431,2025-07-08 00:00:00,99.0
PED-00432,CLI-00432,2025-06-21 00:00:00,999.0
PED-00433,CLI-00433,2025-07-02 00:00:00,999.0
PED-00434,CLI-00434,2025-07-10 00:00:00,299.0
PED-00435,CLI-00435,2025-06-20 00:00:00,999.0
PED-00436,CLI-00436,2025-07-10 00:00:00,99.0
PED-00437,CLI-00437,2025-06-25 00:00:00,99.0
PED-00438,CLI-00438,2025-07-08 00:00:00,99.0
PED-00439,CLI-00439,2025-06-21 00:00:00,299.0
PED-00440,CLI-00440,2025-07-10 00:00:00,299.0
PED-00441,CLI-00441,2025-07-05 00:00:00,99.0
PED-00442,CLI-00442,2025-07-09 00:00:00,99.0
PED-00443,CLI-00443,2025-07-10 00:00:00,299.0
PED-00444,CLI-00444,2025-06-17 00:00:00,299.0
PED-00445,CLI-00445,2025-06-20 00:00:00,999.0
PED-00446,CLI-00446,2025-07-06 00:00:00,99.0
PED-00447,CLI-00447,2025-06-16 00:00:00,999.0
PED-00448,CLI-00448,2025-06-29 00:00:00,299.0
PED-00449,CLI-00449,2025-06-29 00:00:00,99.0
PED-00450,CLI-00450,2025-07-01 00:00:00,99.0
PED-00451,CLI-00451,2025-07-11 00:00:00,299.0
PED-00452,CLI-00452,2025-06-17 00:00:00,999.0
PED-00453,CLI-00453,2025-06-19 00:00:00,299.0
PED-00454,CLI-00454,2025-06-22 00:00:00,299.0
PED-00455,CLI-00455,2025-06-24 00:00:00,999.0
PED-00456,CLI-00456,2025-07-02 00:00:00,299.0
PED-00457,CLI-00457,2025-07-07 00:00:00,999.0
PED-00458,CLI-00458,2025-07-03 00:00:00,999.0
PED-00459,CLI-00459,2025-06-19 00:00:00,299.0
PED-00460,CLI-00460,2025-06-27 00:00:00,999.0
PED-00461,CLI-00461,2025-07-09 00:00:00,999.0
PED-00462,CLI-00462,2025-06-19 00:00:00,99.0
PED-00463,CLI-00463,2025-06-24 00:00:00,299.0
PED-00464,CLI-00464,2025-07-09 00:00:00,99.0
PED-00465,CLI-00465,2025-07-11 00:00:00,299.0
PED-00466,CLI-00466,2025-06-29 00:00:00,999.0
PED-00467,CLI-00467,2025-07-04 00:00:00,99.0
PED-00468,CLI-00468,2025-06-26 00:00:00,999.0
PED-00469,CLI-00469,2025-07-08 00:00:00,999.0
PED-00470,CLI-00470,2025-07-10 00:00:00,999.0
PED-00471,CLI-00471,2025-06-21 00:00:00,999.0
PED-00472,CLI-00472,2025-06-21 00:00:00,299.0
PED-00473,CLI-00473,2025-06-16 00:00:00,299.0
PED-00474,CLI-00474,2025-06-16 00:00:00,99.0
PED-00475,CLI-00475,2025-06-25 00:00:00,999.0
PED-00476,CLI-00476,2025-06-15 00:00:00,99.0
PED-00477,CLI-00477,2025-06-17 00:00:00,299.0
PED-00478,CLI-00478,2025-06-15 00:00:00,999.0
PED-00479,CLI-00479,2025-07-11 00:00:00,99.0
PED-00480,CLI-00480,2025-06-22 00:00:00,299.0
PED-00481,CLI-00481,2025-07-06 00:00:00,999.0
PED-00482,CLI-00482,2025-06-16 00:00:00,999.0
PED-00483,CLI-00483,2025-06-28 00:00:00,99.0
PED-00484,CLI-00484,2025-07-01 00:00:00,299.0
PED-00485,CLI-00485,2025-06-26 00:00:00,99.0
PED-00486,CLI-00486,2025-07-11 00:00:00,99.0
PED-00487,CLI-00487,2025-06-27 00:00:00,299.0
PED-00488,CLI-00488,2025-06-17 00:00:00,99.0
PED-00489,CLI-00489,2025-07-08 00:00:00,299.0
PED-00490,CLI-00490,2025-06-18 00:00:00,999.0
PED-00491,CLI-00491,2025-06-25 00:00:00,999.0
PED-00492,CLI-00492,2025-06-23 00:00:00,999.0
PED-00493,CLI-00493,2025-06-21 00:00:00,999.0
PED-00494,CLI-00494,2025-06-25 00:00:00,99.0
PED-00495,CLI-00495,2025-07-07 00:00:00,99.0
PED-00496,CLI-00496,2025-06-29 00:00:00,999.0
PED-00497,CLI-00497,2025-06-26 00:00:00,299.0
PED-00498,CLI-00498,2025-06-20 00:00:00,99.0
PED-00499,CLI-00499,2025-06-21 00:00:00,999.0
PED-00500,CLI-00500,2025-07-07 00:00:00,99.0
PED-00501,CLI-00501,2025-06-27 00:00:00,999.0
PED-00502,CLI-00502,2025-06-21 00:00:00,999.0
PED-00503,CLI-00503,2025-06-16 00:00:00,299.0
PED-00504,CLI-00504,2025-07-11 00:00:00,99.0
PED-00505,CLI-00505,2025-06-26 00:00:00,99.0
PED-00506,CLI-00506,2025-06-29 00:00:00,99.0
PED-00507,CLI-00507,2025-07-04 00:00:00,299.0
PED-00508,CLI-00508,2025-07-08 00:00:00,999.0
PED-00509,CLI-00509,2025-06-19 00:00:00,99.0
PED-00510,CLI-00510,2025-07-11 00:00:00,99.0
PED-00511,CLI-00511,2025-06-17 00:00:00,99.0
PED-00512,CLI-00512,2025-06-18 00:00:00,99.0
PED-00513,CLI-00513,2025-07-11 00:00:00,299.0
PED-00514,CLI-00514,2025-06-20 00:00:00,99.0
PED-00515,CLI-00515,2025-06-15 00:00:00,999.0
PED-00516,CLI-00516,2025-07-06 00:00:00,999.0
PED-00517,CLI-00517,2025-06-15 00:00:00,999.0
PED-00518,CLI-00518,2025-06-17 00:00:00,999.0
PED-00519,CLI-00519,2025-07-11 00:00:00,299.0
PED-00520,CLI-00520,2025-06-27 00:00:00,299.0
PED-00521,CLI-00521,2025-06-28 00:00:00,999.0
PED-00522,CLI-00522,2025-06-20 00:00:00,999.0
PED-00523,CLI-00523,2025-06-24 00:00:00,99.0
PED-00524,CLI-00524,2025-06-26 00:00:00,299.0
PED-00525,CLI-00525,2025-06-18 00:00:00,999.0
PED-00526,CLI-00526,2025-06-20 00:00:00,99.0
PED-00527,CLI-00527,2025-07-05 00:00:00,299.0
PED-00528,CLI-00528,2025-06-27 00:00:00,999.0
PED-00529,CLI-00529,2025-07-05 00:00:00,999.0
PED-00530,CLI-00530,2025-07-05 00:00:00,299.0
PED-00531,CLI-00531,2025-06-17 00:00:00,99.0
PED-00532,CLI-00532,2025-06-20 00:00:00,299.0
PED-00533,CLI-00533,2025-07-10 00:00:00,999.0
PED-00534,CLI-00534,2025-07-10 00:00:00,99.0
PED-00535,CLI-00535,2025-06-23 00:00:00,999.0
PED-00536,CLI-00536,2025-07-10 00:00:00,299.0
PED-00537,CLI-00537,2025-07-02 00:00:00,299.0
PED-00538,CLI-00538,2025-06-20 00:00:00,99.0
PED-00539,CLI-00539,2025-06-28 00:00:00,99.0
PED-00540,CLI-00540,2025-06-15 00:00:00,999.0
PED-00541,CLI-00541,2025-07-05 00:00:00,299.0
PED-00542,CLI-00542,2025-07-30 00:00:00,999.0
PED-00543,CLI-00543,2025-08-02 00:00:00,99.0
PED-00544,CLI-00544,2025-07-17 00:00:00,99.0
PED-00545,CLI-00545,2025-07-29 00:00:00,999.0
PED-00546,CLI-00546,2025-08-08 00:00:00,999.0
PED-00547,CLI-00547,2025-08-09 00:00:00,299.0
PED-00548,CLI-00548,2025-08-09 00:00:00,999.0
PED-00549,CLI-00549,2025-07-20 00:00:00,99.0
PED-00550,CLI-00550,2025-07-28 00:00:00,99.0
PED-00551,CLI-00551,2025-07-21 00:00:00,99.0
PED-00552,CLI-00552,2025-08-11 00:00:00,99.0
PED-00553,CLI-00553,2025-08-05 00:00:00,999.0
PED-00554,CLI-00554,2025-08-03 00:00:00,999.0
PED-00555,CLI-00555,2025-08-02 00:00:00,99.0
PED-00556,CLI-00556,2025-08-09 00:00:00,999.0
PED-00557,CLI-00557,2025-08-06 00:00:00,999.0
PED-00558,CLI-00558,2025-07-23 00:00:00,299.0
PED-00559,CLI-00559,2025-07-25 00:00:00,299.0
PED-00560,CLI-00560,2025-07-22 00:00:00,999.0
PED-00561,CLI-00561,2025-07-31 00:00:00,999.0
PED-00562,CLI-00562,2025-08-09 00:00:00,99.0
PED-00563,CLI-00563,2025-08-11 00:00:00,999.0
PED-00564,CLI-00564,2025-07-17 00:00:00,999.0
PED-00565,CLI-00565,2025-07-21 00:00:00,999.0
PED-00566,CLI-00566,2025-08-02 00:00:00,99.0
PED-00567,CLI-00567,2025-08-01 00:00:00,999.0
PED-00568,CLI-00568,2025-07-17 00:00:00,99.0
PED-00569,CLI-00569,2025-07-17 00:00:00,299.0
PED-00570,CLI-00570,2025-07-22 00:00:00,99.0
PED-00571,CLI-00571,2025-08-05 00:00:00,299.0
PED-00572,CLI-00572,2025-08-01 00:00:00,999.0
PED-00573,CLI-00573,2025-08-06 00:00:00,299.0
PED-00574,CLI-00574,2025-08-08 00:00:00,999.0
PED-00575,CLI-00575,2025-08-06 00:00:00,299.0
PED-00576,CLI-00576,2025-07-16 00:00:00,299.0
PED-00577,CLI-00577,2025-08-10 00:00:00,999.0
PED-00578,CLI-00578,2025-07-26 00:00:00,99.0
PED-00579,CLI-00579,2025-08-11 00:00:00,999.0
PED-00580,CLI-00580,2025-07-19 00:00:00,999.0
PED-00581,CLI-00581,2025-07-26 00:00:00,99.0
PED-00582,CLI-00582,2025-07-21 00:00:00,999.0
PED-00583,CLI-00583,2025-08-05 00:00:00,99.0
PED-00584,CLI-00584,2025-07-31 00:00:00,299.0
PED-00585,CLI-00585,2025-07-16 00:00:00,999.0
PED-00586,CLI-00586,2025-07-22 00:00:00,299.0
PED-00587,CLI-00587,2025-07-25 00:00:00,999.0
PED-00588,CLI-00588,2025-07-21 00:00:00,99.0
PED-00589,CLI-00589,2025-08-07 00:00:00,999.0
PED-00590,CLI-00590,2025-07-20 00:00:00,999.0
PED-00591,CLI-00591,2025-08-02 00:00:00,999.0
PED-00592,CLI-00592,2025-08-03 00:00:00,999.0
PED-00593,CLI-00593,2025-08-02 00:00:00,299.0
PED-00594,CLI-00594,2025-07-17 00:00:00,999.0
PED-00595,CLI-00595,2025-07-25 00:00:00,299.0
PED-00596,CLI-00596,2025-07-29 00:00:00,299.0
PED-00597,CLI-00597,2025-07-26 00:00:00,999.0
PED-00598,CLI-00598,2025-07-30 00:00:00,999.0
PED-00599,CLI-00599,2025-08-06 00:00:00,999.0
PED-00600,CLI-00600,2025-08-09 00:00:00,999.0
PED-00601,CLI-00601,2025-07-23 00:00:00,999.0
PED-00602,CLI-00602,2025-07-29 00:00:00,99.0
PED-00603,CLI-00603,2025-08-11 00:00:00,299.0
PED-00604,CLI-00604,2025-08-03 00:00:00,999.0
PED-00605,CLI-00605,2025-08-09 00:00:00,299.0
PED-00606,CLI-00606,2025-07-16 00:00:00,99.0
PED-00607,CLI-00607,2025-08-03 00:00:00,99.0
PED-00608,CLI-00608,2025-07-19 00:00:00,999.0
PED-00609,CLI-00609,2025-08-05 00:00:00,99.0
PED-00610,CLI-00610,2025-07-24 00:00:00,99.0
PED-00611,CLI-00611,2025-08-01 00:00:00,999.0
PED-00612,CLI-00612,2025-08-04 00:00:00,99.0
PED-00613,CLI-00613,2025-07-22 00:00:00,299.0
PED-00614,CLI-00614,2025-07-22 00:00:00,99.0
PED-00615,CLI-00615,2025-07-22 00:00:00,999.0
PED-00616,CLI-00616,2025-08-08 00:00:00,999.0
PED-00617,CLI-00617,2025-08-01 00:00:00,999.0
PED-00618,CLI-00618,2025-07-20 00:00:00,999.0
PED-00619,CLI-00619,2025-07-31 00:00:00,99.0
PED-00620,CLI-00620,2025-07-30 00:00:00,299.0
PED-00621,CLI-00621,2025-07-30 00:00:00,299.0
PED-00622,CLI-00622,2025-08-05 00:00:00,99.0
PED-00623,CLI-00623,2025-07-17 00:00:00,99.0
PED-00624,CLI-00624,2025-07-17 00:00:00,99.0
PED-00625,CLI-00625,2025-07-23 00:00:00,99.0
PED-00626,CLI-00626,2025-08-02 00:00:00,999.0
PED-00627,CLI-00627,2025-08-01 00:00:00,99.0
PED-00628,CLI-00628,2025-07-18 00:00:00,99.0
PED-00629,CLI-00629,2025-08-04 00:00:00,299.0
PED-00630,CLI-00630,2025-08-01 00:00:00,299.0
PED-00631,CLI-00631,2025-07-31 00:00:00,299.0
PED-00632,CLI-00632,2025-07-26 00:00:00,99.0
PED-00633,CLI-00633,2025-08-05 00:00:00,99.0
PED-00634,CLI-00634,2025-07-17 00:00:00,99.0
PED-00635,CLI-00635,2025-07-20 00:00:00,999.0
PED-00636,CLI-00636,2025-07-26 00:00:00,999.0
PED-00637,CLI-00637,2025-07-19 00:00:00,99.0
PED-00638,CLI-00638,2025-07-25 00:00:00,999.0
PED-00639,CLI-00639,2025-08-07 00:00:00,299.0
PED-00640,CLI-00640,2025-08-05 00:00:00,299.0
PED-00641,CLI-00641,2025-07-20 00:00:00,99.0
PED-00642,CLI-00642,2025-07-25 00:00:00,999.0
PED-00643,CLI-00643,2025-07-21 00:00:00,99.0
PED-00644,CLI-00644,2025-07-24 00:00:00,99.0
PED-00645,CLI-00645,2025-07-28 00:00:00,99.0
PED-00646,CLI-00646,2025-07-30 00:00:00,999.0
PED-00647,CLI-00647,2025-07-28 00:00:00,299.0
PED-00648,CLI-00648,2025-07-31 00:00:00,999.0
PED-00649,CLI-00649,2025-08-08 00:00:00,99.0
PED-00650,CLI-00650,2025-07-27 00:00:00,99.0
PED-00651,CLI-00651,2025-07-17 00:00:00,999.0
PED-00652,CLI-00652,2025-07-31 00:00:00,299.0
PED-00653,CLI-00653,2025-08-07 00:00:00,999.0
PED-00654,CLI-00654,2025-08-06 00:00:00,99.0
PED-00655,CLI-00655,2025-08-01 00:00:00,999.0
PED-00656,CLI-00656,2025-08-04 00:00:00,299.0
PED-00657,CLI-00657,2025-07-20 00:00:00,99.0
PED-00658,CLI-00658,2025-08-01 00:00:00,299.0
PED-00659,CLI-00659,2025-07-27 00:00:00,999.0
PED-00660,CLI-00660,2025-08-11 00:00:00,299.0
PED-00661,CLI-00661,2025-07-18 00:00:00,99.0
PED-00662,CLI-00662,2025-07-28 00:00:00,99.0
PED-00663,CLI-00663,2025-08-11 00:00:00,299.0
PED-00664,CLI-00664,2025-07-16 00:00:00,299.0
PED-00665,CLI-00665,2025-08-02 00:00:00,999.0
PED-00666,CLI-00666,2025-07-27 00:00:00,99.0
PED-00667,CLI-00667,2025-07-26 00:00:00,99.0
PED-00668,CLI-00668,2025-08-04 00:00:00,999.0
PED-00669,CLI-00669,2025-07-27 00:00:00,299.0
PED-00670,CLI-00670,2025-08-11 00:00:00,299.0
PED-00671,CLI-00671,2025-07-19 00:00:00,999.0
PED-00672,CLI-00672,2025-07-27 00:00:00,299.0
PED-00673,CLI-00673,2025-07-30 00:00:00,99.0
PED-00674,CLI-00674,2025-08-02 00:00:00,299.0
PED-00675,CLI-00675,2025-08-08 00:00:00,99.0
PED-00676,CLI-00676,2025-07-25 00:00:00,99.0
PED-00677,CLI-00677,2025-07-24 00:00:00,999.0
PED-00678,CLI-00678,2025-07-30 00:00:00,299.0
PED-00679,CLI-00679,2025-08-02 00:00:00,99.0
PED-00680,CLI-00680,2025-07-31 00:00:00,999.0
PED-00681,CLI-00681,2025-08-03 00:00:00,999.0
PED-00682,CLI-00682,2025-07-30 00:00:00,99.0
PED-00683,CLI-00683,2025-08-21 00:00:00,299.0
PED-00684,CLI-00684,2025-08-16 00:00:00,99.0
PED-00685,CLI-00685,2025-09-01 00:00:00,99.0
PED-00686,CLI-00686,2025-09-08 00:00:00,999.0
PED-00687,CLI-00687,2025-09-03 00:00:00,999.0
PED-00688,CLI-00688,2025-08-18 00:00:00,99.0
PED-00689,CLI-00689,2025-09-05 00:00:00,999.0
PED-00690,CLI-00690,2025-08-22 00:00:00,99.0
PED-00691,CLI-00691,2025-08-18 00:00:00,99.0
PED-00692,CLI-00692,2025-08-24 00:00:00,99.0
PED-00693,CLI-00693,2025-08-16 00:00:00,299.0
PED-00694,CLI-00694,2025-09-10 00:00:00,99.0
PED-00695,CLI-00695,2025-08-31 00:00:00,299.0
PED-00696,CLI-00696,2025-09-05 00:00:00,999.0
PED-00697,CLI-00697,2025-08-22 00:00:00,299.0
PED-00698,CLI-00698,2025-08-20 00:00:00,99.0
PED-00699,CLI-00699,2025-08-26 00:00:00,299.0
PED-00700,CLI-00700,2025-09-05 00:00:00,999.0
PED-00701,CLI-00701,2025-08-16 00:00:00,999.0
PED-00702,CLI-00702,2025-08-21 00:00:00,99.0
PED-00703,CLI-00703,2025-08-29 00:00:00,99.0
PED-00704,CLI-00704,2025-08-23 00:00:00,999.0
PED-00705,CLI-00705,2025-09-02 00:00:00,99.0
PED-00706,CLI-00706,2025-09-04 00:00:00,999.0
PED-00707,CLI-00707,2025-08-19 00:00:00,999.0
PED-00708,CLI-00708,2025-08-22 00:00:00,999.0
PED-00709,CLI-00709,2025-09-01 00:00:00,999.0
PED-00710,CLI-00710,2025-08-16 00:00:00,299.0
PED-00711,CLI-00711,2025-09-05 00:00:00,99.0
PED-00712,CLI-00712,2025-09-02 00:00:00,299.0
PED-00713,CLI-00713,2025-08-28 00:00:00,999.0
PED-00714,CLI-00714,2025-09-02 00:00:00,999.0
PED-00715,CLI-00715,2025-08-16 00:00:00,99.0
PED-00716,CLI-00716,2025-08-21 00:00:00,999.0
PED-00717,CLI-00717,2025-09-01 00:00:00,999.0
PED-00718,CLI-00718,2025-08-20 00:00:00,299.0
PED-00719,CLI-00719,2025-09-07 00:00:00,999.0
PED-00720,CLI-00720,2025-09-05 00:00:00,99.0
PED-00721,CLI-00721,2025-08-20 00:00:00,99.0
PED-00722,CLI-00722,2025-08-27 00:00:00,299.0
PED-00723,CLI-00723,2025-08-30 00:00:00,99.0
PED-00724,CLI-00724,2025-09-09 00:00:00,99.0
PED-00725,CLI-00725,2025-09-09 00:00:00,299.0
PED-00726,CLI-00726,2025-09-02 00:00:00,99.0
PED-00727,CLI-00727,2025-08-26 00:00:00,299.0
PED-00728,CLI-00728,2025-09-09 00:00:00,299.0
PED-00729,CLI-00729,2025-09-04 00:00:00,999.0
PED-00730,CLI-00730,2025-08-19 00:00:00,99.0
PED-00731,CLI-00731,2025-08-26 00:00:00,299.0
PED-00732,CLI-00732,2025-08-27 00:00:00,299.0
PED-00733,CLI-00733,2025-09-01 00:00:00,299.0
PED-00734,CLI-00734,2025-08-31 00:00:00,299.0
PED-00735,CLI-00735,2025-09-07 00:00:00,99.0
PED-00736,CLI-00736,2025-08-18 00:00:00,299.0
PED-00737,CLI-00737,2025-09-10 00:00:00,99.0
PED-00738,CLI-00738,2025-09-21 00:00:00,99.0
PED-00739,CLI-00739,2025-10-10 00:00:00,299.0
PED-00740,CLI-00740,2025-09-18 00:00:00,99.0
PED-00741,CLI-00741,2025-10-01 00:00:00,99.0
PED-00742,CLI-00742,2025-10-05 00:00:00,99.0
PED-00743,CLI-00743,2025-09-30 00:00:00,99.0
PED-00744,CLI-00744,2025-10-02 00:00:00,99.0
PED-00745,CLI-00745,2025-09-21 00:00:00,299.0
PED-00746,CLI-00746,2025-10-06 00:00:00,299.0
PED-00747,CLI-00747,2025-09-17 00:00:00,999.0
PED-00748,CLI-00748,2025-10-04 00:00:00,99.0
PED-00749,CLI-00749,2025-09-29 00:00:00,999.0
PED-00750,CLI-00750,2025-10-04 00:00:00,299.0
PED-00751,CLI-00751,2025-09-16 00:00:00,999.0
PED-00752,CLI-00752,2025-10-03 00:00:00,299.0
PED-00753,CLI-00753,2025-09-17 00:00:00,999.0
PED-00754,CLI-00754,2025-10-04 00:00:00,99.0
PED-00755,CLI-00755,2025-10-10 00:00:00,99.0
PED-00756,CLI-00756,2025-09-29 00:00:00,99.0
PED-00757,CLI-00757,2025-10-11 00:00:00,99.0
PED-00758,CLI-00758,2025-09-17 00:00:00,999.0
PED-00759,CLI-00759,2025-10-10 00:00:00,299.0
PED-00760,CLI-00760,2025-10-01 00:00:00,99.0
PED-00761,CLI-00761,2025-10-02 00:00:00,299.0
PED-00762,CLI-00762,2025-09-21 00:00:00,299.0
PED-00763,CLI-00763,2025-09-23 00:00:00,999.0
PED-00764,CLI-00764,2025-09-20 00:00:00,299.0
PED-00765,CLI-00765,2025-09-25 00:00:00,999.0
PED-00766,CLI-00766,2025-09-15 00:00:00,999.0
PED-00767,CLI-00767,2025-10-01 00:00:00,999.0
PED-00768,CLI-00768,2025-10-04 00:00:00,299.0
PED-00769,CLI-00769,2025-10-04 00:00:00,999.0
PED-00770,CLI-00770,2025-09-25 00:00:00,999.0
PED-00771,CLI-00771,2025-09-22 00:00:00,99.0
PED-00772,CLI-00772,2025-10-04 00:00:00,299.0
PED-00773,CLI-00773,2025-09-22 00:00:00,99.0
PED-00774,CLI-00774,2025-10-07 00:00:00,999.0
PED-00775,CLI-00775,2025-09-29 00:00:00,999.0
PED-00776,CLI-00776,2025-09-20 00:00:00,299.0
PED-00777,CLI-00777,2025-10-02 00:00:00,299.0
PED-00778,CLI-00778,2025-09-28 00:00:00,999.0
PED-00779,CLI-00779,2025-10-05 00:00:00,299.0
PED-00780,CLI-00780,2025-09-15 00:00:00,999.0
PED-00781,CLI-00781,2025-10-10 00:00:00,299.0
PED-00782,CLI-00782,2025-09-19 00:00:00,999.0
PED-00783,CLI-00783,2025-09-18 00:00:00,999.0
PED-00784,CLI-00784,2025-09-18 00:00:00,99.0
PED-00785,CLI-00785,2025-09-28 00:00:00,999.0
PED-00786,CLI-00786,2025-09-22 00:00:00,999.0
PED-00787,CLI-00787,2025-10-09 00:00:00,299.0
PED-00788,CLI-00788,2025-09-25 00:00:00,299.0
PED-00789,CLI-00789,2025-09-20 00:00:00,299.0
PED-00790,CLI-00790,2025-10-04 00:00:00,299.0
PED-00791,CLI-00791,2025-10-05 00:00:00,99.0
PED-00792,CLI-00792,2025-09-26 00:00:00,299.0
PED-00793,CLI-00793,2025-09-21 00:00:00,299.0
PED-00794,CLI-00794,2025-10-01 00:00:00,299.0
PED-00795,CLI-00795,2025-10-07 00:00:00,299.0
PED-00796,CLI-00796,2025-09-29 00:00:00,299.0
PED-00797,CLI-00797,2025-10-07 00:00:00,999.0
PED-00798,CLI-00798,2025-09-24 00:00:00,999.0
PED-00799,CLI-00799,2025-10-07 00:00:00,99.0
PED-00800,CLI-00800,2025-09-30 00:00:00,999.0
PED-00801,CLI-00801,2025-09-18 00:00:00,299.0
PED-00802,CLI-00802,2025-10-06 00:00:00,999.0
PED-00803,CLI-00803,2025-09-16 00:00:00,99.0
PED-00804,CLI-00804,2025-09-26 00:00:00,999.0
PED-00805,CLI-00805,2025-10-07 00:00:00,299.0
PED-00806,CLI-00806,2025-09-27 00:00:00,299.0
PED-00807,CLI-00807,2025-09-30 00:00:00,99.0
PED-00808,CLI-00808,2025-09-19 00:00:00,299.0
PED-00809,CLI-00809,2025-09-25 00:00:00,99.0
PED-00810,CLI-00810,2025-09-27 00:00:00,299.0
PED-00811,CLI-00811,2025-09-28 00:00:00,99.0
PED-00812,CLI-00812,2025-09-17 00:00:00,999.0
PED-00813,CLI-00813,2025-10-04 00:00:00,299.0
PED-00814,CLI-00814,2025-09-27 00:00:00,99.0
PED-00815,CLI-00815,2025-09-26 00:00:00,999.0
PED-00816,CLI-00816,2025-09-21 00:00:00,99.0
PED-00817,CLI-00817,2025-09-18 00:00:00,99.0
PED-00818,CLI-00818,2025-10-01 00:00:00,299.0
PED-00819,CLI-00819,2025-10-08 00:00:00,999.0
PED-00820,CLI-00820,2025-10-09 00:00:00,99.0
PED-00821,CLI-00821,2025-10-06 00:00:00,299.0
PED-00822,CLI-00822,2025-09-15 00:00:00,99.0
PED-00823,CLI-00823,2025-09-28 00:00:00,299.0
PED-00824,CLI-00824,2025-10-02 00:00:00,99.0
PED-00825,CLI-00825,2025-11-11 00:00:00,999.0
PED-00826,CLI-00826,2025-10-29 00:00:00,99.0
PED-00827,CLI-00827,2025-10-24 00:00:00,99.0
PED-00828,CLI-00828,2025-11-01 00:00:00,299.0
PED-00829,CLI-00829,2025-10-30 00:00:00,99.0
PED-00830,CLI-00830,2025-11-09 00:00:00,299.0
PED-00831,CLI-00831,2025-11-04 00:00:00,299.0
PED-00832,CLI-00832,2025-11-03 00:00:00,99.0
PED-00833,CLI-00833,2025-10-19 00:00:00,299.0
PED-00834,CLI-00834,2025-11-11 00:00:00,999.0
PED-00835,CLI-00835,2025-10-30 00:00:00,99.0
PED-00836,CLI-00836,2025-11-06 00:00:00,299.0
PED-00837,CLI-00837,2025-10-23 00:00:00,999.0
PED-00838,CLI-00838,2025-10-20 00:00:00,299.0
PED-00839,CLI-00839,2025-11-09 00:00:00,299.0
PED-00840,CLI-00840,2025-11-03 00:00:00,999.0
PED-00841,CLI-00841,2025-11-04 00:00:00,999.0
PED-00842,CLI-00842,2025-10-29 00:00:00,99.0
PED-00843,CLI-00843,2025-10-26 00:00:00,999.0
PED-00844,CLI-00844,2025-11-05 00:00:00,99.0
PED-00845,CLI-00845,2025-11-03 00:00:00,99.0
PED-00846,CLI-00846,2025-10-23 00:00:00,99.0
PED-00847,CLI-00847,2025-10-24 00:00:00,999.0
PED-00848,CLI-00848,2025-10-23 00:00:00,299.0
PED-00849,CLI-00849,2025-10-23 00:00:00,99.0
PED-00850,CLI-00850,2025-10-28 00:00:00,99.0
PED-00851,CLI-00851,2025-10-28 00:00:00,999.0
PED-00852,CLI-00852,2025-10-21 00:00:00,999.0
PED-00853,CLI-00853,2025-11-05 00:00:00,999.0
PED-00854,CLI-00854,2025-10-17 00:00:00,999.0
PED-00855,CLI-00855,2025-10-30 00:00:00,999.0
PED-00856,CLI-00856,2025-11-05 00:00:00,299.0
PED-00857,CLI-00857,2025-11-05 00:00:00,99.0
PED-00858,CLI-00858,2025-10-31 00:00:00,299.0
PED-00859,CLI-00859,2025-10-16 00:00:00,99.0
PED-00860,CLI-00860,2025-10-21 00:00:00,99.0
PED-00861,CLI-00861,2025-10-25 00:00:00,99.0
PED-00862,CLI-00862,2025-10-25 00:00:00,99.0
PED-00863,CLI-00863,2025-10-29 00:00:00,99.0
PED-00864,CLI-00864,2025-11-10 00:00:00,999.0
PED-00865,CLI-00865,2025-11-11 00:00:00,299.0
PED-00866,CLI-00866,2025-10-18 00:00:00,299.0
PED-00867,CLI-00867,2025-10-23 00:00:00,299.0
PED-00868,CLI-00868,2025-11-04 00:00:00,999.0
PED-00869,CLI-00869,2025-10-22 00:00:00,99.0
PED-00870,CLI-00870,2025-11-11 00:00:00,99.0
PED-00871,CLI-00871,2025-10-22 00:00:00,99.0
PED-00872,CLI-00872,2025-10-26 00:00:00,99.0
PED-00873,CLI-00873,2025-10-27 00:00:00,299.0
PED-00874,CLI-00874,2025-11-03 00:00:00,299.0
PED-00875,CLI-00875,2025-11-03 00:00:00,999.0
PED-00876,CLI-00876,2025-11-01 00:00:00,99.0
PED-00877,CLI-00877,2025-11-07 00:00:00,99.0
PED-00878,CLI-00878,2025-10-27 00:00:00,299.0
PED-00879,CLI-00879,2025-10-17 00:00:00,299.0
PED-00880,CLI-00880,2025-11-02 00:00:00,999.0
PED-00881,CLI-00881,2025-11-03 00:00:00,299.0
PED-00882,CLI-00882,2025-10-22 00:00:00,99.0
PED-00883,CLI-00883,2025-11-10 00:00:00,999.0
PED-00884,CLI-00884,2025-10-25 00:00:00,999.0
PED-00885,CLI-00885,2025-11-01 00:00:00,999.0
PED-00886,CLI-00886,2025-10-24 00:00:00,299.0
PED-00887,CLI-00887,2025-10-30 00:00:00,299.0
PED-00888,CLI-00888,2025-10-31 00:00:00,999.0
PED-00889,CLI-00889,2025-11-06 00:00:00,299.0
PED-00890,CLI-00890,2025-11-09 00:00:00,999.0
PED-00891,CLI-00891,2025-11-11 00:00:00,299.0
PED-00892,CLI-00892,2025-11-03 00:00:00,299.0
PED-00893,CLI-00893,2025-11-01 00:00:00,999.0
PED-00894,CLI-00894,2025-11-05 00:00:00,999.0
PED-00895,CLI-00895,2025-10-25 00:00:00,999.0
PED-00896,CLI-00896,2025-10-20 00:00:00,99.0
PED-00897,CLI-00897,2025-10-22 00:00:00,99.0
PED-00898,CLI-00898,2025-11-03 00:00:00,999.0
PED-00899,CLI-00899,2025-10-16 00:00:00,999.0
PED-00900,CLI-00900,2025-11-01 00:00:00,999.0
PED-00901,CLI-00901,2025-10-30 00:00:00,999.0
PED-00902,CLI-00902,2025-10-17 00:00:00,99.0
PED-00903,CLI-00903,2025-10-21 00:00:00,299.0
PED-00904,CLI-00904,2025-10-17 00:00:00,99.0
PED-00905,CLI-00905,2025-11-04 00:00:00,99.0
PED-00906,CLI-00906,2025-10-18 00:00:00,99.0
PED-00907,CLI-00907,2025-10-18 00:00:00,99.0
PED-00908,CLI-00908,2025-11-21 00:00:00,999.0
PED-00909,CLI-00909,2025-11-27 00:00:00,999.0
PED-00910,CLI-00910,2025-11-21 00:00:00,99.0
PED-00911,CLI-00911,2025-12-06 00:00:00,299.0
PED-00912,CLI-00912,2025-11-30 00:00:00,99.0
PED-00913,CLI-00913,2025-11-22 00:00:00,99.0
PED-00914,CLI-00914,2025-11-18 00:00:00,999.0
PED-00915,CLI-00915,2025-12-07 00:00:00,999.0
PED-00916,CLI-00916,2025-12-04 00:00:00,999.0
PED-00917,CLI-00917,2025-12-11 00:00:00,99.0
PED-00918,CLI-00918,2025-12-02 00:00:00,999.0
PED-00919,CLI-00919,2025-11-19 00:00:00,999.0
PED-00920,CLI-00920,2025-12-05 00:00:00,299.0
PED-00921,CLI-00921,2025-11-27 00:00:00,999.0
PED-00922,CLI-00922,2025-11-19 00:00:00,999.0
PED-00923,CLI-00923,2025-12-10 00:00:00,999.0
PED-00924,CLI-00924,2025-11-15 00:00:00,299.0
PED-00925,CLI-00925,2025-11-29 00:00:00,99.0
PED-00926,CLI-00926,2025-12-10 00:00:00,999.0
PED-00927,CLI-00927,2025-12-05 00:00:00,999.0
PED-00928,CLI-00928,2025-11-27 00:00:00,99.0
PED-00929,CLI-00929,2025-12-04 00:00:00,299.0
PED-00930,CLI-00930,2025-11-24 00:00:00,99.0
PED-00931,CLI-00931,2025-11-30 00:00:00,299.0
PED-00932,CLI-00932,2025-11-27 00:00:00,299.0
PED-00933,CLI-00933,2025-12-01 00:00:00,99.0
PED-00934,CLI-00934,2025-11-20 00:00:00,299.0
PED-00935,CLI-00935,2025-11-22 00:00:00,99.0
PED-00936,CLI-00936,2025-12-02 00:00:00,99.0
PED-00937,CLI-00937,2025-11-19 00:00:00,99.0
PED-00938,CLI-00938,2025-11-20 00:00:00,99.0
PED-00939,CLI-00939,2025-12-08 00:00:00,99.0
PED-00940,CLI-00940,2025-12-02 00:00:00,999.0
PED-00941,CLI-00941,2025-11-25 00:00:00,299.0
PED-00942,CLI-00942,2025-11-18 00:00:00,99.0
PED-00943,CLI-00943,2025-11-22 00:00:00,299.0
PED-00944,CLI-00944,2025-12-03 00:00:00,99.0
PED-00945,CLI-00945,2025-11-20 00:00:00,299.0
PED-00946,CLI-00946,2025-11-23 00:00:00,299.0
PED-00947,CLI-00947,2025-11-16 00:00:00,999.0
PED-00948,CLI-00948,2025-12-06 00:00:00,99.0
PED-00949,CLI-00949,2025-11-20 00:00:00,299.0
PED-00950,CLI-00950,2025-11-17 00:00:00,999.0
PED-00951,CLI-00951,2025-11-19 00:00:00,99.0
PED-00952,CLI-00952,2025-11-25 00:00:00,299.0
PED-00953,CLI-00953,2025-11-15 00:00:00,299.0
PED-00954,CLI-00954,2025-12-09 00:00:00,99.0
PED-00955,CLI-00955,2025-11-15 00:00:00,99.0
PED-00956,CLI-00956,2025-11-15 00:00:00,299.0
PED-00957,CLI-00957,2025-11-27 00:00:00,999.0
PED-00958,CLI-00958,2025-11-21 00:00:00,999.0
PED-00959,CLI-00959,2025-12-08 00:00:00,299.0
PED-00960,CLI-00960,2025-12-07 00:00:00,999.0
PED-00961,CLI-00961,2025-12-05 00:00:00,299.0
PED-00962,CLI-00962,2025-11-26 00:00:00,99.0
PED-00963,CLI-00963,2025-11-29 00:00:00,99.0
PED-00964,CLI-00964,2025-12-04 00:00:00,299.0
PED-00965,CLI-00965,2025-11-22 00:00:00,999.0
PED-00966,CLI-00966,2025-11-21 00:00:00,299.0
PED-00967,CLI-00967,2025-11-19 00:00:00,99.0
PED-00968,CLI-00968,2025-11-24 00:00:00,299.0
PED-00969,CLI-00969,2025-12-04 00:00:00,99.0
PED-00970,CLI-00970,2025-12-04 00:00:00,999.0
PED-00971,CLI-00971,2025-11-25 00:00:00,99.0
PED-00972,CLI-00972,2025-12-10 00:00:00,299.0
PED-00973,CLI-00973,2025-11-23 00:00:00,999.0
PED-00974,CLI-00974,2025-11-26 00:00:00,999.0
PED-00975,CLI-00975,2025-12-02 00:00:00,999.0
PED-00976,CLI-00976,2025-11-21 00:00:00,99.0
PED-00977,CLI-00977,2025-11-19 00:00:00,99.0
PED-00978,CLI-00978,2025-11-20 00:00:00,999.0
PED-00979,CLI-00979,2025-11-28 00:00:00,99.0
PED-00980,CLI-00980,2025-11-26 00:00:00,999.0
PED-00981,CLI-00981,2025-11-30 00:00:00,999.0
PED-00982,CLI-00982,2025-11-30 00:00:00,299.0
PED-00983,CLI-00983,2025-12-11 00:00:00,299.0
PED-00984,CLI-00984,2025-12-10 00:00:00,99.0
PED-00985,CLI-00985,2025-11-27 00:00:00,299.0
PED-00986,CLI-00986,2025-11-22 00:00:00,999.0
PED-00987,CLI-00987,2025-12-04 00:00:00,999.0
PED-00988,CLI-00988,2025-11-16 00:00:00,99.0
PED-00989,CLI-00989,2025-11-22 00:00:00,99.0
PED-00990,CLI-00990,2025-12-03 00:00:00,299.0
PED-00991,CLI-00991,2025-11-21 00:00:00,999.0
PED-00992,CLI-00992,2025-11-15 00:00:00,99.0
PED-00993,CLI-00993,2025-11-15 00:00:00,99.0
PED-00994,CLI-00994,2025-12-03 00:00:00,999.0
PED-00995,CLI-00995,2025-11-25 00:00:00,299.0
PED-00996,CLI-00996,2025-11-20 00:00:00,99.0
PED-00997,CLI-00997,2025-11-18 00:00:00,299.0
PED-00998,CLI-00998,2025-12-18 00:00:00,999.0
PED-00999,CLI-00999,2025-12-26 00:00:00,999.0
PED-01000,CLI-01000,2026-01-06 00:00:00,299.0
PED-01001,CLI-01001,2025-12-23 00:00:00,99.0
PED-01002,CLI-01002,2026-01-03 00:00:00,999.0
PED-01003,CLI-01003,2025-12-28 00:00:00,99.0
PED-01004,CLI-01004,2025-12-30 00:00:00,299.0
PED-01005,CLI-01005,2025-12-29 00:00:00,99.0
PED-01006,CLI-01006,2025-12-16 00:00:00,99.0
PED-01007,CLI-01007,2025-12-18 00:00:00,999.0
PED-01008,CLI-01008,2025-12-31 00:00:00,299.0
PED-01009,CLI-01009,2025-12-21 00:00:00,999.0
PED-01010,CLI-01010,2025-12-23 00:00:00,999.0
PED-01011,CLI-01011,2025-12-28 00:00:00,99.0
PED-01012,CLI-01012,2026-01-11 00:00:00,299.0
PED-01013,CLI-01013,2025-12-16 00:00:00,999.0
PED-01014,CLI-01014,2026-01-08 00:00:00,299.0
PED-01015,CLI-01015,2025-12-20 00:00:00,999.0
PED-01016,CLI-01016,2026-01-10 00:00:00,999.0
PED-01017,CLI-01017,2025-12-25 00:00:00,299.0
PED-01018,CLI-01018,2025-12-28 00:00:00,299.0
PED-01019,CLI-01019,2026-01-08 00:00:00,299.0
PED-01020,CLI-01020,2025-12-19 00:00:00,999.0
PED-01021,CLI-01021,2025-12-23 00:00:00,299.0
PED-01022,CLI-01022,2026-01-05 00:00:00,999.0
PED-01023,CLI-01023,2026-01-03 00:00:00,99.0
PED-01024,CLI-01024,2025-12-22 00:00:00,99.0
PED-01025,CLI-01025,2025-12-18 00:00:00,999.0
PED-01026,CLI-01026,2026-01-01 00:00:00,99.0
PED-01027,CLI-01027,2026-01-02 00:00:00,299.0
PED-01028,CLI-01028,2025-12-31 00:00:00,99.0
PED-01029,CLI-01029,2025-12-23 00:00:00,999.0
PED-01030,CLI-01030,2026-01-09 00:00:00,999.0
PED-01031,CLI-01031,2025-12-25 00:00:00,299.0
PED-01032,CLI-01032,2026-01-04 00:00:00,299.0
PED-01033,CLI-01033,2026-01-07 00:00:00,999.0
PED-01034,CLI-01034,2026-01-08 00:00:00,99.0
PED-01035,CLI-01035,2026-01-06 00:00:00,999.0
PED-01036,CLI-01036,2025-12-20 00:00:00,299.0
PED-01037,CLI-01037,2025-12-16 00:00:00,999.0
PED-01038,CLI-01038,2025-12-21 00:00:00,999.0
PED-01039,CLI-01039,2026-01-09 00:00:00,99.0
PED-01040,CLI-01040,2026-01-06 00:00:00,299.0
PED-01041,CLI-01041,2026-01-02 00:00:00,99.0
PED-01042,CLI-01042,2026-01-08 00:00:00,999.0
PED-01043,CLI-01043,2025-12-30 00:00:00,99.0
PED-01044,CLI-01044,2025-12-25 00:00:00,999.0
PED-01045,CLI-01045,2026-01-11 00:00:00,99.0
PED-01046,CLI-01046,2025-12-31 00:00:00,99.0
PED-01047,CLI-01047,2025-12-17 00:00:00,99.0
PED-01048,CLI-01048,2025-12-21 00:00:00,999.0
PED-01049,CLI-01049,2025-12-29 00:00:00,999.0
PED-01050,CLI-01050,2025-12-18 00:00:00,299.0
PED-01051,CLI-01051,2025-12-24 00:00:00,999.0
PED-01052,CLI-01052,2025-12-26 00:00:00,99.0
PED-01053,CLI-01053,2026-01-03 00:00:00,299.0
PED-01054,CLI-01054,2025-12-31 00:00:00,999.0
PED-01055,CLI-01055,2025-12-23 00:00:00,999.0
PED-01056,CLI-01056,2025-12-29 00:00:00,99.0
PED-01057,CLI-01057,2025-12-26 00:00:00,299.0
PED-01058,CLI-01058,2025-12-18 00:00:00,299.0
PED-01059,CLI-01059,2025-12-17 00:00:00,99.0
PED-01060,CLI-01060,2025-12-18 00:00:00,299.0
PED-01061,CLI-01061,2025-12-27 00:00:00,99.0
PED-01062,CLI-01062,2025-12-24 00:00:00,999.0
PED-01063,CLI-01063,2026-01-05 00:00:00,999.0
PED-01064,CLI-01064,2025-12-20 00:00:00,99.0
PED-01065,CLI-01065,2025-12-29 00:00:00,299.0
PED-01066,CLI-01066,2025-12-18 00:00:00,299.0
PED-01067,CLI-01067,2025-12-22 00:00:00,99.0
PED-01068,CLI-01068,2025-12-31 00:00:00,999.0
PED-01069,CLI-01069,2026-01-09 00:00:00,299.0
PED-01070,CLI-01070,2025-12-25 00:00:00,999.0
PED-01071,CLI-01071,2025-12-16 00:00:00,99.0
PED-01072,CLI-01072,2025-12-23 00:00:00,999.0
PED-01073,CLI-01073,2025-12-30 00:00:00,99.0
PED-01074,CLI-01074,2025-12-24 00:00:00,299.0
PED-01075,CLI-01075,2025-12-24 00:00:00,99.0
PED-01076,CLI-01076,2025-12-26 00:00:00,299.0
PED-01077,CLI-01077,2025-12-27 00:00:00,299.0
PED-01078,CLI-01078,2025-12-31 00:00:00,299.0
PED-01079,CLI-01079,2025-12-26 00:00:00,99.0
PED-01080,CLI-01080,2025-12-28 00:00:00,299.0
PED-01081,CLI-01081,2025-12-22 00:00:00,99.0
PED-01082,CLI-01082,2025-12-31 00:00:00,999.0
PED-01083,CLI-01083,2025-12-31 00:00:00,999.0
PED-01084,CLI-01084,2025-12-24 00:00:00,999.0
PED-01085,CLI-01085,2025-12-31 00:00:00,299.0
PED-01086,CLI-01086,2025-12-26 00:00:00,299.0
PED-01087,CLI-01087,2025-12-29 00:00:00,299.0
PED-01088,CLI-01088,2026-01-08 00:00:00,299.0
PED-01089,CLI-01089,2025-12-23 00:00:00,299.0
PED-01090,CLI-01090,2025-12-30 00:00:00,99.0
PED-01091,CLI-01091,2025-12-27 00:00:00,999.0
